Variant_ID,Allele_Freq,CADD_Score,GERP_Score,Consequence,Is_Dangerous
rs221958,0.04805860121746746,9.686397531097036,-1.4366709532036488,Frameshift,0
rs771155,0.04222669243390757,32.12559025519583,-0.32865025907711853,Frameshift,1
rs231932,0.03736600550686905,18.812025377841536,3.369148134592405,Frameshift,1
rs465838,0.02698460661945399,39.33692563579372,0.8691742503693112,Nonsense,1
rs359178,0.029337558283192414,15.952977697782122,0.033309192557910094,Synonymous,0
rs744167,0.0482627653632069,32.65727492877536,0.3623247073515099,Frameshift,1
rs210268,0.030351712384334234,31.933804999382044,0.5804061139088041,Missense,0
rs832180,0.01379995910112717,6.028701758617179,4.789358359397395,Missense,0
rs154886,0.01481367528520412,20.327951069628746,-0.9070293484637695,Missense,0
rs237337,0.008263346953150124,27.832512271635274,3.671287975280949,Synonymous,0
rs621430,0.0007818203370596966,34.33435219254879,2.422559815263262,Synonymous,0
rs187498,0.02117007403531848,13.03835620807539,0.3720811491823879,Missense,0
rs999159,0.019744075908778486,8.809641902621932,1.358246851570212,Frameshift,0
rs275203,0.014674408735901907,28.445981297520714,0.04965554875566447,Synonymous,0
rs291335,0.0007039911357542228,32.380041845588615,2.892109686925444,Missense,0
rs378167,0.009942120204440259,13.946639491669174,-1.3472465567980771,Missense,0
rs141090,0.0355670976374325,3.8470620436568304,-1.9585210978081058,Frameshift,0
rs429365,0.039508777026560284,37.62093057958416,3.0231553195890886,Nonsense,1
rs164820,0.03029799873905057,15.902880843500892,-0.44580837190366207,Synonymous,0
rs887201,0.04631504392566745,20.710054021099204,-1.4324726640005787,Frameshift,1
rs421879,0.032553851275097224,33.50840423629312,1.174270617711107,Missense,0
rs818315,0.04574798377718904,27.02760468157123,-1.5938517516848245,Missense,0
rs427069,0.04250192888948997,29.408644769630886,5.092937191605279,Frameshift,1
rs876997,0.022472533706910172,8.362864829508547,-1.7790658250103624,Synonymous,0
rs299041,0.004770505824520566,21.657918953102634,2.6309191640604697,Nonsense,1
rs891743,0.018540912609913317,27.831375973803286,1.5077929841446958,Nonsense,1
rs203355,0.033442062633180364,9.142000871891987,3.376209082361595,Missense,0
rs335796,0.033296117830874834,6.998197083837447,0.6252213397978554,Synonymous,0
rs314176,0.02956488938538636,39.28673373317742,-0.7596670661780465,Nonsense,1
rs284779,0.013736089649503208,20.66543565084057,5.8547271064842485,Synonymous,0
rs447449,0.028062171292385057,10.43316699321636,4.711468016554907,Synonymous,0
rs521909,0.019146343737689493,39.85014799031697,4.883236946493402,Missense,0
rs358795,0.04858560476945519,38.616774051551744,0.0020108841269124156,Nonsense,1
rs586232,0.042445691213304194,22.331738144283904,-1.6893221245646144,Frameshift,1
rs600186,0.03608647605824366,35.305453727573585,0.4261241173857826,Missense,0
rs256730,0.011799245987447788,7.548284333655175,2.2966594175732435,Nonsense,0
rs970910,0.012803416138066199,11.154854103687274,0.613209934368327,Nonsense,0
rs484681,0.0020216794769215675,28.014313198910852,4.622952030300709,Nonsense,1
rs249503,0.03553314448428937,33.866445689532235,0.17234332655793505,Nonsense,1
rs754811,0.005544541040591567,34.252971675123696,5.722014643126158,Nonsense,1
rs627035,0.021966825093288508,16.180325084887603,1.6581212929098283,Synonymous,0
rs748143,0.01008596011676981,35.510803950438394,4.736184600095851,Missense,0
rs552366,0.04478817978367597,34.03713795070051,-0.4449597280410158,Synonymous,0
rs165725,0.02376851115910559,37.4253997688379,1.2908312404534286,Frameshift,1
rs229981,0.028163778598819186,31.413626044557745,3.5960976861375507,Nonsense,1
rs184654,0.03477580432130638,26.759530188569144,-0.8931752606575891,Missense,0
rs691723,0.0069665727202937846,23.227464857458187,-0.9380366220562415,Nonsense,1
rs419030,0.030220868963890864,14.891310662469724,5.756294936913272,Missense,0
rs428947,0.02699205456508366,37.60533769831114,3.7167608334396167,Synonymous,0
rs655839,0.01015306123673847,38.94655347021269,-1.6714598658569937,Missense,0
rs373538,0.04714267852789905,11.356838989498627,1.1905672115583563,Frameshift,0
rs431236,0.0299432733244268,12.214554413775737,1.4681659006459364,Frameshift,0
rs628178,0.03473924665198523,19.424550143449064,3.952341143992923,Missense,0
rs665894,0.04402339195076289,17.936965719449894,0.0068842187732895965,Missense,0
rs589492,0.031217702406689665,39.778298504432826,-0.5253306053490396,Missense,0
rs356840,0.0147816842918857,7.037010107093815,-1.3530162670624186,Missense,0
rs573254,0.005274712991513531,0.7230145446208347,1.4265157995208622,Frameshift,0
rs449457,0.022826728524145513,19.755748607337384,3.507999206122931,Nonsense,1
rs765987,0.01092202186084168,7.1529083688531525,-1.5344512359324511,Missense,0
rs370936,0.020825497393518314,14.658751383314396,5.321709821011844,Missense,0
rs339931,0.044164012945943416,29.76682092226249,1.5388178378488355,Frameshift,1
rs339629,0.016217251050263698,28.837596970085173,-0.08170112674077412,Frameshift,1
rs305041,0.006104397735033668,12.322431674095569,-1.249013679349666,Synonymous,0
rs798361,0.017814891903848745,21.701609222195973,-0.5370720231415413,Missense,0
rs831912,0.0453414220772877,20.3525630735504,5.476911978717678,Synonymous,0
rs517113,0.013606612469231767,25.453304727435814,3.106164750746803,Frameshift,1
rs168148,0.03238450602706812,10.018472744223367,2.1335700594125333,Frameshift,0
rs877089,2.6018849765790944e-05,23.594833902421755,3.2568906280013348,Nonsense,1
rs748531,0.017628442816708452,39.15571433100036,1.4853831894231284,Missense,0
rs351995,0.015239062907901453,19.469686118378206,3.8403145324945482,Synonymous,0
rs778843,0.008232792657147088,36.24395150874216,-1.6182709784668097,Frameshift,1
rs672843,0.026704470968772098,17.375774620417147,2.5282976839526103,Frameshift,0
rs356508,0.02424149856794916,14.003136307787027,-0.7308284188600718,Synonymous,0
rs903591,0.03462180164451352,25.804134481222594,-1.0386828175548626,Nonsense,1
rs996942,0.013470616689926074,26.756962386523988,0.7350373337312126,Frameshift,1
rs206530,0.01220627611238871,34.56670260287612,-1.265607473492465,Missense,0
rs704365,0.008414552108646528,9.207410729662211,-1.246744093851519,Frameshift,0
rs922352,0.010938210978653513,19.96773519539009,0.4913064751303535,Missense,0
rs560337,0.02790510010086706,22.880167968367324,5.8360842289720685,Synonymous,0
rs824839,0.020191808552902042,30.74216057225236,-0.5973578408852918,Missense,0
rs905889,0.003244612355449078,1.74415087017735,-1.862711185345998,Synonymous,0
rs559773,0.012695770696717235,39.78202043189364,4.1069153840312875,Missense,0
rs308261,0.01234380314193006,18.79778055963772,4.455303816406236,Synonymous,0
rs864469,0.03481521364198942,11.182413671870343,0.7704345687152063,Missense,0
rs441097,0.0356135294962221,35.33976089065036,1.7173905035168913,Nonsense,1
rs415139,0.007404346497669995,29.908750955896558,3.198189461142107,Missense,0
rs271829,0.04988702425244709,38.122873880958124,-1.6155286064237302,Missense,0
rs371836,0.01333905071376425,13.230012186820549,5.5931658527310875,Nonsense,1
rs538974,0.04883074779163265,22.110598673419595,5.09344309838438,Frameshift,1
rs302283,0.020551850665911565,22.89169876683353,0.08714898673371163,Frameshift,1
rs296769,0.0016525366450274193,39.213263348641824,-1.877563677676922,Missense,0
rs661353,0.01725356240133415,3.0138502402451284,5.467490464635864,Nonsense,1
rs323165,0.03171756723506819,12.227880771487275,2.0083190713220738,Missense,0
rs723587,0.03403527257773834,7.636441246013841,2.3150195872005,Synonymous,0
rs635822,0.02654672916585682,10.738994275606274,3.4717101551851286,Synonymous,0
rs587879,0.022389158228654584,19.411194971052627,2.9268093151193106,Missense,0
rs664685,0.027644654453566397,14.907474683761972,5.551132836486057,Frameshift,1
rs882038,0.02963483619396968,15.787658672378889,5.554012777001339,Frameshift,1
rs453531,0.004042666316635762,33.768525629052455,4.93759146844003,Missense,1
rs363160,0.018482722803070225,37.20067339243327,3.09122877956809,Missense,0
